{"cameraMode":{"drawMode":0,"name":"Shaded","section":"Shading Mode"},"sceneLighting":false,"audioPlay":false,"sceneViewState":{"showFog":true,"showMaterialUpdate":false,"showSkybox":true,"showFlares":true,"showImageEffects":true,"showParticleSystems":true},"in2DMode":false,"pivot":{"x":968.5116577148438,"y":360.65789794921877,"z":473.8021240234375},"rotation":{"x":-0.10955523699522019,"y":-0.024750107899308206,"z":0.0027287553530186416,"w":-0.9936701059341431},"size":838.885498046875,"orthographic":false}